datetime,machineID,volt,rotate,pressure,vibration,failure
2015-01-05 06:00:00,1,179.30315305501,499.777962383718,111.833027646993,52.3830967199205,comp4
2015-03-06 06:00:00,1,198.257974581675,456.862342339469,89.3339950053984,38.6718999063224,comp1
2015-04-20 06:00:00,1,180.050800888506,346.362480252293,105.661163515464,39.2180547849819,comp2
2015-06-19 06:00:00,1,187.673963498493,493.005160103346,105.334392333578,53.9639607034682,comp4
2015-09-02 06:00:00,1,144.09453154472,409.380150100148,106.720870895748,57.4549899337191,comp4
2015-10-17 06:00:00,1,178.322427612404,383.71525553,79.704007684226,43.2134165642225,comp2
2015-12-16 06:00:00,1,137.701308228134,501.77065264881,108.55711064107,47.9602184786434,comp4
2015-03-19 06:00:00,2,179.277874469449,322.388169957166,118.15393419358,47.4158846916956,comp1
2015-03-19 06:00:00,2,179.277874469449,322.388169957166,118.15393419358,47.4158846916956,comp2
2015-04-18 06:00:00,2,173.166421521321,379.976048568712,101.382419121691,49.585501998223,comp2
2015-12-29 06:00:00,2,176.146239273177,317.711058731635,94.8454241454658,48.6792629843655,comp2
2015-01-05 06:00:00,1,179.30315305501,499.777962383718,111.833027646993,52.3830967199205,comp4
2015-03-06 06:00:00,1,198.257974581675,456.862342339469,89.3339950053984,38.6718999063224,comp1
2015-04-20 06:00:00,1,180.050800888506,346.362480252293,105.661163515464,39.2180547849819,comp2
2015-06-19 06:00:00,1,187.673963498493,493.005160103346,105.334392333578,53.9639607034682,comp4
2015-09-02 06:00:00,1,144.09453154472,409.380150100148,106.720870895748,57.4549899337191,comp4
2015-10-17 06:00:00,1,178.322427612404,383.71525553,79.704007684226,43.2134165642225,comp2
2015-12-16 06:00:00,1,137.701308228134,501.77065264881,108.55711064107,47.9602184786434,comp4
2015-03-19 06:00:00,2,179.277874469449,322.388169957166,118.15393419358,47.4158846916956,comp1
2015-03-19 06:00:00,2,179.277874469449,322.388169957166,118.15393419358,47.4158846916956,comp2
2015-04-18 06:00:00,2,173.166421521321,379.976048568712,101.382419121691,49.585501998223,comp2
2015-12-29 06:00:00,2,176.146239273177,317.711058731635,94.8454241454658,48.6792629843655,comp2
2015-01-07 06:00:00,3,153.083073463033,269.430591178269,100.675294769474,44.9593428314929,comp2
2015-02-06 06:00:00,3,171.461889571255,431.490018640035,110.075129751894,40.3973407657553,comp1
2015-07-21 06:00:00,3,162.873937139551,352.119185743015,89.3915601947113,38.5134972447327,comp2
2015-10-04 06:00:00,3,192.011346653049,356.046301550486,98.3643535533048,37.0501099283537,comp2
2015-12-03 06:00:00,3,160.936267810774,368.843963891831,127.945450101091,42.3241913995408,comp2
2015-01-17 06:00:00,4,160.688783907512,360.961004421631,89.4398084661615,32.6862581446711,comp2
2015-02-16 06:00:00,4,235.493717474492,488.515673410068,94.2896968202261,28.0617412487823,comp1
2015-04-02 06:00:00,4,148.204346974561,247.94654231854,102.790543539109,41.1582243174715,comp2
2015-07-16 06:00:00,4,176.671291391767,399.973864308608,85.9879426834873,35.9144914565244,comp2
2015-08-30 06:00:00,4,184.624796893938,486.118809742995,93.6911936842653,37.3134052057809,comp1
2015-10-14 06:00:00,4,193.485427457637,318.474839611204,93.2200850487117,41.1437655047783,comp2
2015-01-09 06:00:00,5,155.392685682217,474.092306904441,104.197016061125,32.8851267606045,comp2
2015-02-23 06:00:00,5,182.358829939846,426.861047603615,86.7653897990048,39.1302907884881,comp1
2015-04-09 06:00:00,5,214.054607826111,552.736653146183,105.245765398394,53.13133838074,comp1
2015-06-23 06:00:00,5,175.168788444279,319.808275407719,108.019570309896,38.1075561926604,comp2
2015-09-06 06:00:00,5,200.940093864084,265.528620810836,107.253454299651,41.048036879996,comp1
2015-10-06 06:00:00,5,174.51472730929,352.926777250628,101.987307086883,46.5293045034706,comp2
2015-11-20 06:00:00,5,226.420623851432,474.241388580299,102.176490650822,44.7391599741576,comp1
2015-01-24 06:00:00,7,173.147583528072,375.349784328684,97.7997762638955,48.752200832329,comp2
2015-01-24 06:00:00,7,173.147583528072,375.349784328684,97.7997762638955,48.752200832329,comp4
2015-02-08 06:00:00,7,205.006006081928,469.073488126084,108.385623120448,37.7043754983426,comp1
2015-04-24 06:00:00,7,217.932133334202,402.807980836329,92.883737995281,45.9670153494316,comp1
2015-05-09 06:00:00,7,175.254719862039,348.0397469573,87.5906047186147,50.0861160122253,comp4
2015-05-24 06:00:00,7,184.217377797297,427.750822224626,94.3357867351991,40.3805719838454,comp2
2015-07-08 06:00:00,7,161.590882430236,350.443582011321,99.7689769626619,45.307469368685,comp2
2015-09-21 06:00:00,7,172.816630108562,451.410689881812,90.9195116194576,52.6024821532351,comp4
2015-10-21 06:00:00,7,182.063094168322,304.45402158642,101.973423309082,48.2426859371821,comp2
2015-12-20 06:00:00,7,199.315131190654,515.347571352448,107.900203699662,39.3218714893641,comp1
2015-01-07 06:00:00,3,153.083073463033,269.430591178269,100.675294769474,44.9593428314929,comp2
2015-02-06 06:00:00,3,171.461889571255,431.490018640035,110.075129751894,40.3973407657553,comp1
2015-07-21 06:00:00,3,162.873937139551,352.119185743015,89.3915601947113,38.5134972447327,comp2
2015-10-04 06:00:00,3,192.011346653049,356.046301550486,98.3643535533048,37.0501099283537,comp2
2015-12-03 06:00:00,3,160.936267810774,368.843963891831,127.945450101091,42.3241913995408,comp2
2015-01-17 06:00:00,4,160.688783907512,360.961004421631,89.4398084661615,32.6862581446711,comp2
2015-02-16 06:00:00,4,235.493717474492,488.515673410068,94.2896968202261,28.0617412487823,comp1
2015-04-02 06:00:00,4,148.204346974561,247.94654231854,102.790543539109,41.1582243174715,comp2
2015-07-16 06:00:00,4,176.671291391767,399.973864308608,85.9879426834873,35.9144914565244,comp2
2015-08-30 06:00:00,4,184.624796893938,486.118809742995,93.6911936842653,37.3134052057809,comp1
2015-10-14 06:00:00,4,193.485427457637,318.474839611204,93.2200850487117,41.1437655047783,comp2
2015-01-09 06:00:00,5,155.392685682217,474.092306904441,104.197016061125,32.8851267606045,comp2
2015-02-23 06:00:00,5,182.358829939846,426.861047603615,86.7653897990048,39.1302907884881,comp1
2015-04-09 06:00:00,5,214.054607826111,552.736653146183,105.245765398394,53.13133838074,comp1
2015-06-23 06:00:00,5,175.168788444279,319.808275407719,108.019570309896,38.1075561926604,comp2
2015-09-06 06:00:00,5,200.940093864084,265.528620810836,107.253454299651,41.048036879996,comp1
2015-10-06 06:00:00,5,174.51472730929,352.926777250628,101.987307086883,46.5293045034706,comp2
2015-11-20 06:00:00,5,226.420623851432,474.241388580299,102.176490650822,44.7391599741576,comp1
2015-01-24 06:00:00,7,173.147583528072,375.349784328684,97.7997762638955,48.752200832329,comp2
2015-01-24 06:00:00,7,173.147583528072,375.349784328684,97.7997762638955,48.752200832329,comp4
2015-02-08 06:00:00,7,205.006006081928,469.073488126084,108.385623120448,37.7043754983426,comp1
2015-04-24 06:00:00,7,217.932133334202,402.807980836329,92.883737995281,45.9670153494316,comp1
2015-05-09 06:00:00,7,175.254719862039,348.0397469573,87.5906047186147,50.0861160122253,comp4
2015-05-24 06:00:00,7,184.217377797297,427.750822224626,94.3357867351991,40.3805719838454,comp2
2015-07-08 06:00:00,7,161.590882430236,350.443582011321,99.7689769626619,45.307469368685,comp2
2015-09-21 06:00:00,7,172.816630108562,451.410689881812,90.9195116194576,52.6024821532351,comp4
2015-10-21 06:00:00,7,182.063094168322,304.45402158642,101.973423309082,48.2426859371821,comp2
2015-12-20 06:00:00,7,199.315131190654,515.347571352448,107.900203699662,39.3218714893641,comp1
2015-03-07 06:00:00,8,186.11120106828,272.846522586898,100.144287790199,38.7862081047267,comp2
2015-03-22 06:00:00,8,145.107914378589,508.79760555563,107.481496599419,53.1709952814655,comp4
2015-04-21 06:00:00,8,181.265334188046,396.334832050852,90.6406842035847,40.7906580622092,comp2
2015-08-04 06:00:00,8,165.084955522972,359.427762784239,92.7975971823227,52.6329966669689,comp4
2015-10-18 06:00:00,8,156.997810985229,420.111487346487,104.661847793508,54.4766990875198,comp4
2015-03-04 06:00:00,9,172.514518752974,382.500782165314,79.0880613325222,37.5894927774576,comp1
2015-06-17 06:00:00,9,163.033427587325,359.400518418149,94.0078361606377,37.4471132197432,comp2
2015-07-02 06:00:00,9,185.41059990056,414.882036446275,108.605358468272,33.6628647198196,comp1
2015-07-17 06:00:00,9,165.619223641689,385.168508558706,99.1544957890038,33.6930473712395,comp2
2015-08-31 06:00:00,9,188.06703298181,510.053531088317,74.2393262387079,28.6490232420779,comp2
2015-09-15 06:00:00,9,193.110064938317,432.415334436047,98.0636026756792,39.8657393974438,comp1
2015-10-15 06:00:00,9,177.361392859945,411.8797680977,94.0628857187117,33.3160171216331,comp2
2015-11-14 06:00:00,9,184.999426931011,395.039317952774,106.623688955042,44.6864986159346,comp1
2015-12-14 06:00:00,9,148.296723582862,464.340909224231,101.56140777237,43.1595947447314,comp2
2015-01-19 06:00:00,10,191.113154908835,291.11172229786,101.504512009128,47.564702977318,comp2
2015-04-04 06:00:00,10,192.349913904174,391.039565373222,101.483284271589,37.0944553034727,comp2
2015-05-19 06:00:00,10,181.587722824712,372.441008908118,92.3164965318943,47.4079100658409,comp2
2015-06-03 06:00:00,10,195.429751103732,452.904547799204,85.7409682649128,42.4388965895404,comp1
2015-06-18 06:00:00,10,191.780912911978,408.74181454462,93.1295319715885,40.5946477089635,comp2
2015-03-07 06:00:00,8,186.11120106828,272.846522586898,100.144287790199,38.7862081047267,comp2
2015-03-22 06:00:00,8,145.107914378589,508.79760555563,107.481496599419,53.1709952814655,comp4
2015-04-21 06:00:00,8,181.265334188046,396.334832050852,90.6406842035847,40.7906580622092,comp2
2015-08-04 06:00:00,8,165.084955522972,359.427762784239,92.7975971823227,52.6329966669689,comp4
2015-10-18 06:00:00,8,156.997810985229,420.111487346487,104.661847793508,54.4766990875198,comp4
2015-03-04 06:00:00,9,172.514518752974,382.500782165314,79.0880613325222,37.5894927774576,comp1
2015-06-17 06:00:00,9,163.033427587325,359.400518418149,94.0078361606377,37.4471132197432,comp2
2015-07-02 06:00:00,9,185.41059990056,414.882036446275,108.605358468272,33.6628647198196,comp1
2015-07-17 06:00:00,9,165.619223641689,385.168508558706,99.1544957890038,33.6930473712395,comp2
2015-08-31 06:00:00,9,188.06703298181,510.053531088317,74.2393262387079,28.6490232420779,comp2
2015-09-15 06:00:00,9,193.110064938317,432.415334436047,98.0636026756792,39.8657393974438,comp1
2015-10-15 06:00:00,9,177.361392859945,411.8797680977,94.0628857187117,33.3160171216331,comp2
2015-11-14 06:00:00,9,184.999426931011,395.039317952774,106.623688955042,44.6864986159346,comp1
2015-12-14 06:00:00,9,148.296723582862,464.340909224231,101.56140777237,43.1595947447314,comp2
2015-01-19 06:00:00,10,191.113154908835,291.11172229786,101.504512009128,47.564702977318,comp2
2015-04-04 06:00:00,10,192.349913904174,391.039565373222,101.483284271589,37.0944553034727,comp2
2015-05-19 06:00:00,10,181.587722824712,372.441008908118,92.3164965318943,47.4079100658409,comp2
2015-06-03 06:00:00,10,195.429751103732,452.904547799204,85.7409682649128,42.4388965895404,comp1
2015-06-18 06:00:00,10,191.780912911978,408.74181454462,93.1295319715885,40.5946477089635,comp2
2015-01-20 06:00:00,11,163.842485655789,417.59426077413,107.387169650557,45.1194788241137,comp2
2015-02-19 06:00:00,11,167.776085592047,468.390954932253,122.560338472031,45.9419471106885,comp3
2015-04-20 06:00:00,11,147.434836312954,416.325283188703,127.446343701105,33.5395702522225,comp2
2015-04-20 06:00:00,11,147.434836312954,416.325283188703,127.446343701105,33.5395702522225,comp3
2015-01-20 06:00:00,11,163.842485655789,417.59426077413,107.387169650557,45.1194788241137,comp2
2015-02-19 06:00:00,11,167.776085592047,468.390954932253,122.560338472031,45.9419471106885,comp3
2015-04-20 06:00:00,11,147.434836312954,416.325283188703,127.446343701105,33.5395702522225,comp2
2015-04-20 06:00:00,11,147.434836312954,416.325283188703,127.446343701105,33.5395702522225,comp3
2015-10-02 06:00:00,11,161.181081480966,476.706920312659,117.417866523618,26.5620516224215,comp3
2015-12-16 06:00:00,11,149.161288724036,439.092485138621,125.371118534732,35.5184515114809,comp3
2015-01-07 06:00:00,12,186.76736848004,373.895987137459,106.477936924673,44.1671803348571,comp1
2015-01-07 06:00:00,12,186.76736848004,373.895987137459,106.477936924673,44.1671803348571,comp2
2015-03-23 06:00:00,12,175.212392220178,354.941260091917,126.082396538178,28.562543077273,comp2
2015-07-06 06:00:00,12,183.656273105624,420.0898568729,102.719404965551,48.2450812743006,comp1
2015-09-04 06:00:00,12,178.619799807862,445.702278092908,97.8345182555022,42.2815826595299,comp1
2015-10-04 06:00:00,12,160.982964793249,381.754732657954,88.6405127340393,31.869590078183,comp2
2015-04-11 06:00:00,13,176.969611408364,468.842807181923,120.801369867846,46.8042254775535,comp3
2015-04-11 06:00:00,13,176.969611408364,468.842807181923,120.801369867846,46.8042254775535,comp4
2015-06-10 06:00:00,13,154.714340701268,437.289689309245,119.443722380057,37.1954088002784,comp3
2015-06-25 06:00:00,13,181.126142825962,582.036495569931,99.0000269247,53.3232465798397,comp4
2015-07-10 06:00:00,13,165.552712198256,341.013274472052,110.635541315904,50.3730966402116,comp2
2015-08-09 06:00:00,13,177.375650580832,276.73043404273,108.299302347994,47.7619358432855,comp2
2015-08-24 06:00:00,13,201.190184856399,455.792993145484,168.9925127005,45.0090647031496,comp1
2015-08-24 06:00:00,13,201.190184856399,455.792993145484,168.9925127005,45.0090647031496,comp3
2015-09-23 06:00:00,13,156.537490960347,334.972789551806,113.75813985178,47.5324562446234,comp4
2015-10-23 06:00:00,13,206.728306249449,525.949411832544,113.345482358673,49.0407653478475,comp1
2015-12-07 06:00:00,13,151.022301947587,472.902559312296,89.1707776943645,53.4995228622426,comp4
2015-12-22 06:00:00,13,154.864450029914,297.989464352549,93.2564186620334,46.6329034818821,comp1
2015-12-22 06:00:00,13,154.864450029914,297.989464352549,93.2564186620334,46.6329034818821,comp2
2015-01-31 06:00:00,14,148.732027944999,400.908630765776,94.6122893441016,37.37950430624,comp2
2015-03-02 06:00:00,14,177.557847349587,475.228103423836,82.7394160789674,38.5391943450778,comp1
2015-07-15 06:00:00,14,180.944025243776,477.676376160247,99.6835626378466,40.5071099191811,comp1
2015-07-30 06:00:00,14,128.24314702927,323.317823874359,93.2640112075472,42.1195086029345,comp2
2015-01-20 06:00:00,15,192.213961597589,341.783088916382,94.9038211390681,40.6799921111742,comp2
2015-01-20 06:00:00,15,192.213961597589,341.783088916382,94.9038211390681,40.6799921111742,comp4
2015-06-04 06:00:00,15,166.256495426203,481.523140858508,89.7144141285349,35.8118141593972,comp1
2015-08-03 06:00:00,15,182.503267717322,388.295399042963,106.228345070622,41.6168259127499,comp1
2015-11-01 06:00:00,15,180.976427219325,401.045407810301,97.4817323023381,53.12817745525,comp2
2015-11-01 06:00:00,15,180.976427219325,401.045407810301,97.4817323023381,53.12817745525,comp4
2015-12-31 06:00:00,15,189.340234059657,420.190682073705,106.031827973646,46.3392843197354,comp4
2015-01-02 03:00:00,16,170.524080648549,405.302969621504,109.855730307032,37.7863652830834,comp1
2015-01-02 03:00:00,16,170.524080648549,405.302969621504,109.855730307032,37.7863652830834,comp3
2015-01-17 06:00:00,16,166.312935009965,467.909839550253,104.411841488396,41.9554941818811,comp1
2015-03-03 06:00:00,16,148.483289068475,360.342139517959,122.94696844365,36.8094385731254,comp3
2015-04-02 06:00:00,16,209.090610519026,455.497298974535,88.8651171188267,42.1983154927556,comp1
2015-05-17 06:00:00,16,174.577725687289,461.286550377495,107.217834564491,39.4204184511302,comp3
2015-06-01 06:00:00,16,188.357273219514,396.188605485097,108.582641516097,39.2291671519693,comp2
2015-06-16 06:00:00,16,178.084383259563,400.47913114366,98.835480066311,35.6890276880276,comp1
2015-07-01 06:00:00,16,173.151400110361,474.377202480886,132.558339213484,46.4824399725085,comp2
2015-07-01 06:00:00,16,173.151400110361,474.377202480886,132.558339213484,46.4824399725085,comp3
2015-08-15 06:00:00,16,165.248322761931,493.903229345536,124.097154348797,46.6021311935152,comp3
2015-10-14 06:00:00,16,149.934545400835,469.254380469415,138.337244092969,34.895226927605,comp3
2015-11-28 06:00:00,16,170.995646723153,327.3482711533,126.586689062364,36.7456433315164,comp2
2015-01-02 03:00:00,17,158.098828106012,406.325390520277,97.0017647740545,59.9671740225826,comp4
2015-01-16 06:00:00,17,170.724187869026,330.542587046007,140.377836389848,39.6961162363662,comp3
2015-02-15 06:00:00,17,178.616873681156,371.61065093513,94.5313258792796,39.0244892728417,comp2
2015-03-17 06:00:00,17,162.788654609864,357.484695416853,133.314324579039,51.1517274495475,comp3
2015-04-01 06:00:00,17,177.622648171728,346.849178044547,109.302075597972,57.4649526016852,comp2
2015-04-01 06:00:00,17,177.622648171728,346.849178044547,109.302075597972,57.4649526016852,comp4
2015-05-16 06:00:00,17,203.739237546134,513.674109934828,107.450234596948,31.6959839747567,comp1
2015-06-15 06:00:00,17,168.936822902291,490.481510502841,117.490723820825,46.0615078783118,comp3
2015-07-15 06:00:00,17,188.136563966732,335.57333024425,110.709726929532,42.4564918228493,comp2
2015-07-30 06:00:00,17,196.890819122065,462.569163759115,115.743080266198,42.9255845447276,comp1
2015-08-29 06:00:00,17,163.216554650048,394.09060290211,88.9960892337298,47.9965998451934,comp4
2015-10-28 06:00:00,17,157.667579500718,485.989260823117,136.728461911109,56.4690316589251,comp3
2015-10-28 06:00:00,17,157.667579500718,485.989260823117,136.728461911109,56.4690316589251,comp4
2015-11-27 06:00:00,17,182.200482196758,432.586862025797,97.6824824397957,39.1832987784492,comp2
2015-12-27 06:00:00,17,186.488397641852,392.333073553161,91.9581626702119,42.95754049908,comp1
2015-01-30 06:00:00,18,166.697147712996,395.012134623302,97.2751854856852,51.1269741720362,comp4
2015-03-31 06:00:00,18,178.839842203663,307.141023374505,101.352653704009,48.0981140922269,comp1
2015-05-15 06:00:00,18,144.555607442356,409.198309090271,93.6688077394709,44.8714422362967,comp4
2015-06-29 06:00:00,18,165.318280232617,373.565043208195,102.253684422738,39.9837848111927,comp2
2015-07-29 06:00:00,18,169.07051256995,329.124200170009,102.751658544669,45.2379760636002,comp2
2015-08-28 06:00:00,18,168.535815820318,457.299038008709,109.97548908612,50.6028935843884,comp4
2015-09-12 06:00:00,18,168.195700303203,403.739201110655,121.421770975497,37.3537550481212,comp2
2015-10-27 06:00:00,18,208.344172246529,393.666751284656,99.9726936509081,48.2724520260522,comp4
2015-01-13 06:00:00,19,205.843363228748,495.758157445753,94.8271919070333,28.3880392014363,comp1
2015-02-27 06:00:00,19,156.209024857663,422.440609855889,100.063315874659,48.4265608318912,comp4
2015-04-13 06:00:00,19,182.146487171428,469.899932874154,95.2578142100465,49.9966951614573,comp4
2015-06-27 06:00:00,19,164.494515339904,390.990843981567,106.260278070473,54.9565199249888,comp4
2015-09-10 06:00:00,19,167.033845480539,511.79409591581,109.21157959583,41.2818999484286,comp4
2015-11-24 06:00:00,19,158.585119543224,496.246824331731,89.2559425047732,46.4986415929404,comp4
2015-12-09 06:00:00,19,175.579951291791,477.458647865389,95.8431975667778,41.9612063886189,comp1
2015-01-04 06:00:00,20,152.774139112016,352.825845336696,97.17911977913,40.1302925778531,comp2
2015-01-19 06:00:00,20,211.471181136826,394.055102724621,91.4992654210455,41.7870423121382,comp4
2015-02-03 06:00:00,20,140.611287159931,405.786579527891,116.713548329143,45.7043664575341,comp3
2015-03-20 06:00:00,20,158.642867812414,435.620792016675,88.2077249709318,36.2062641098311,comp2
2015-04-04 06:00:00,20,191.651880241298,593.958187622317,128.054451641533,53.8039012408425,comp3
2015-04-19 06:00:00,20,186.534329626481,436.291335930224,95.2772976373368,51.1118011264801,comp4
2015-07-18 06:00:00,20,208.21011655181,384.204851619318,113.758239252665,41.7849883378083,comp1
2015-08-17 06:00:00,20,172.287879177288,460.487371417478,107.832634386962,45.2371797458912,comp4
2015-10-01 06:00:00,20,174.028704322028,446.032163798749,113.361476744095,33.2066031427273,comp2
2015-10-31 06:00:00,20,135.220002751157,521.525229638179,120.117867793103,44.3807866653027,comp3
2015-11-15 06:00:00,20,148.779055285462,357.720857844724,98.5120575803442,40.5091779405671,comp2
2015-12-15 06:00:00,20,197.065428034868,420.52672116971,99.0454679854838,39.7273355712718,comp1
2015-12-30 06:00:00,20,165.836665374012,462.14313806592,89.6771940606329,53.914332017179,comp4
2015-01-23 06:00:00,21,183.46926561788,390.208571621743,115.680840719501,43.5778653649424,comp3
2015-04-08 06:00:00,21,160.561193647569,521.95118631057,84.3818438534334,52.697890659593,comp4
2015-05-08 06:00:00,21,202.046266813754,405.399451040913,95.6291028915715,44.0983631056404,comp1
2015-08-06 06:00:00,21,156.375227856419,352.968530124253,116.056165121609,41.8022229022677,comp2
2015-08-06 06:00:00,21,156.375227856419,352.968530124253,116.056165121609,41.8022229022677,comp4
2015-09-05 06:00:00,21,162.744071835388,360.256846789114,129.0064697342,48.3580183701199,comp3
2015-09-20 06:00:00,21,151.460350015125,503.818642176235,85.9369673914894,52.4264278354528,comp4
2015-10-05 06:00:00,21,161.380248069682,394.18472441579,86.1937888356581,36.4248871712674,comp2
2015-11-04 06:00:00,21,149.01786490857,429.792449662993,115.705640182517,46.957703894509,comp4
2015-12-04 06:00:00,21,164.292052475769,362.756781327043,105.11484495637,51.3863918185195,comp2
2015-12-19 06:00:00,21,157.259030030444,457.280651238733,132.453498256494,29.372617531961,comp3
2015-01-02 03:00:00,22,204.623416005207,426.794398989637,119.485199979061,44.0551513262013,comp1
2015-02-06 06:00:00,22,170.653557210953,465.575388576286,130.776182164616,47.7944138935031,comp3
2015-03-23 06:00:00,22,141.721148120372,322.667117549778,100.447307827849,50.3625241503768,comp2
2015-03-23 06:00:00,22,141.721148120372,322.667117549778,100.447307827849,50.3625241503768,comp4
2015-04-07 06:00:00,22,178.998660043249,490.771562359554,130.573492638476,35.9588198234965,comp3
2015-04-22 06:00:00,22,179.701300936423,416.932139654386,98.9054003592892,28.751207872621,comp2
2015-05-22 06:00:00,22,227.014488048557,401.531774035668,131.039696307766,33.6140670588033,comp1
2015-05-22 06:00:00,22,227.014488048557,401.531774035668,131.039696307766,33.6140670588033,comp3
2015-06-21 06:00:00,22,176.903418375578,429.50410633668,108.762906188899,48.4619310503604,comp4
2015-07-06 06:00:00,22,191.676699340698,380.937142528002,89.6264800529922,39.2671757387896,comp2
2015-08-05 06:00:00,22,191.078284512176,415.857892310483,106.716497323546,54.3873849989311,comp4
2015-08-20 06:00:00,22,195.439213190808,442.662395154328,119.805483449951,51.780728733067,comp3
2015-09-19 06:00:00,22,181.055143860339,445.435847972837,93.2494990543218,33.2770876341809,comp2
2015-11-03 06:00:00,22,166.319026450987,456.130993017525,116.906385466458,44.2145763607261,comp3
2015-11-18 06:00:00,22,178.976813463107,344.630789506158,99.4200797332305,50.6258718888962,comp4
2015-01-05 06:00:00,23,144.965700725245,403.688860215983,90.8205036463253,39.9127987484626,comp2
2015-01-20 06:00:00,23,163.909329842026,416.381702296559,109.093786741478,54.5762142673675,comp4
2015-03-21 06:00:00,23,164.410766736425,400.569047214217,118.19913336261,57.2110168504791,comp4
2015-04-05 06:00:00,23,172.701204527173,565.379022505704,105.915381894079,37.9806737012676,comp1
2015-06-04 06:00:00,23,158.378511202547,377.730132430443,120.750996663646,30.555653052204,comp3
2015-07-19 06:00:00,23,186.165722532244,445.223522013089,87.9922244725752,38.7787598727516,comp2
2015-08-03 06:00:00,23,165.879843254789,496.554409461958,102.839246475183,39.5588419137078,comp3
2015-09-02 06:00:00,23,190.36191799589,494.730271912993,86.7008930628366,38.013181565259,comp2
2015-10-02 06:00:00,23,169.062815369175,477.347082952638,116.831939254322,41.2180706826702,comp3
2015-10-17 06:00:00,23,214.082563857483,439.333561827135,104.136802234127,51.1906723462678,comp4
2015-11-16 06:00:00,23,192.114851174845,457.694739568425,151.15815606883,43.9687271403609,comp3
2015-12-16 06:00:00,23,159.738096900334,497.614838848788,86.4457218751105,49.9202994294735,comp4
2015-01-02 06:00:00,24,191.851905249344,446.400952215076,94.0191134772402,34.3469977561019,comp1
2015-02-16 06:00:00,24,178.762321228823,440.792169272195,89.4448557492717,39.8758310172812,comp1
2015-04-02 06:00:00,24,181.113923106845,446.604492143999,124.083006664367,49.1677166752152,comp4
2015-04-17 06:00:00,24,158.986630740826,394.218906307367,113.651682790581,36.3431860118521,comp3
2015-07-01 06:00:00,24,168.854195215742,482.454778246711,121.427230492952,39.1920588072128,comp3
2015-07-31 06:00:00,24,168.136298438024,411.389654739656,104.113307507361,51.3537070584174,comp4
2015-09-29 06:00:00,24,194.942895489913,405.252826080707,92.7559170634119,47.3430668520069,comp1
2015-10-14 06:00:00,24,142.0751191214,462.943235764708,144.049650289946,34.7900412642484,comp3
2015-11-13 06:00:00,24,194.586762044345,410.668574880878,85.3925796945355,53.9338030609334,comp4
2015-11-28 06:00:00,24,174.837671097415,498.588191320533,132.984841298078,36.0578063328631,comp3
2015-03-05 06:00:00,25,201.285723509866,476.985529982411,101.763258158765,38.3702168030081,comp1
2015-05-04 06:00:00,25,192.579666664682,535.707353620161,109.637802024044,51.3212018749512,comp4
2015-06-03 06:00:00,25,200.968105535154,354.200915975526,94.1899117413202,37.8236981610945,comp1
2015-06-03 06:00:00,25,200.968105535154,354.200915975526,94.1899117413202,37.8236981610945,comp2
2015-08-17 06:00:00,25,155.225938280472,379.54204942575,106.530789008711,49.9376235994853,comp2
2015-08-17 06:00:00,25,155.225938280472,379.54204942575,106.530789008711,49.9376235994853,comp4
2015-10-31 06:00:00,25,157.589119204545,397.467634820731,88.0293904522144,45.949804040294,comp2
2015-11-30 06:00:00,25,163.54675548394,447.190547270157,110.892670578797,39.243541016272,comp4
2015-04-06 06:00:00,26,191.980596609353,440.674165388893,87.5079022414373,34.730554828145,comp1
2015-08-19 06:00:00,26,170.745454840428,331.927452046704,112.444140842539,35.9678030842698,comp2
2015-09-03 06:00:00,26,178.562692514521,487.45925759679,104.890171683253,38.3137398607841,comp1
2015-10-18 06:00:00,26,172.818907159714,404.198774058439,121.064387772238,37.190636937979,comp2
2015-11-02 06:00:00,26,219.294881889911,396.931547514053,100.17804183294,41.5251858984377,comp1
2015-11-17 06:00:00,26,171.093473338363,416.11899285366,85.9258290976166,41.9340489567914,comp2
2015-01-10 06:00:00,27,183.998663447517,483.098391050409,101.209928573572,32.8806944243564,comp2
2015-01-25 06:00:00,27,162.668153069434,549.893934046885,102.946986439668,40.3413102642491,comp1
2015-02-24 06:00:00,27,192.828061290705,427.492885107695,80.4911941052818,28.8727195715016,comp2
2015-03-17 06:00:00,28,165.687173005523,341.667932550685,102.64075976692,48.9763852315625,comp2
2015-05-01 06:00:00,28,173.399787235663,458.861742979387,109.777661992846,45.5422121081796,comp1
2015-06-15 06:00:00,28,163.372438072961,337.912120096514,97.5969428517696,43.3965420816506,comp2
2015-08-14 06:00:00,28,159.851163498382,346.84454380894,109.091782451016,43.1930427387493,comp1
2015-12-27 06:00:00,28,206.466393861174,481.582103154889,103.239611882871,41.1002279676765,comp1
2015-03-03 06:00:00,29,172.980877936277,453.410757798613,90.3892638913662,40.7285620853562,comp1
2015-11-28 06:00:00,29,163.662623547967,373.374023103419,106.853752922592,48.6625746420456,comp2
2015-01-09 06:00:00,30,164.88828414819,457.104344781658,102.765787915692,53.4206891426658,comp4
2015-03-25 06:00:00,30,177.954615341928,391.748165303299,95.3022741726695,45.8715138093721,comp4
2015-08-07 06:00:00,30,147.642724404973,409.059489980737,88.5235543020201,47.767963873652,comp2
2015-08-07 06:00:00,30,147.642724404973,409.059489980737,88.5235543020201,47.767963873652,comp4
2015-12-05 06:00:00,30,164.389603644595,475.265437189454,88.2792561189949,47.5052485346699,comp4
2015-03-23 06:00:00,31,164.863085069621,429.191687187336,128.69647498574,34.4045277666324,comp3
2015-05-22 06:00:00,31,224.552947323572,518.636314008589,100.299130666835,39.6810849241011,comp1
2015-07-06 06:00:00,31,171.96850224059,494.154248788791,108.970998153278,41.3990756815436,comp3
2015-09-04 06:00:00,31,155.697348961917,453.97322614322,126.587249102565,37.6840893710109,comp3
2015-10-19 06:00:00,31,176.519897291037,313.367019630935,98.27217713375,40.111487659139,comp2
2015-11-18 06:00:00,31,199.44167802073,512.560862954465,140.556321648707,35.0839731933207,comp1
2015-11-18 06:00:00,31,199.44167802073,512.560862954465,140.556321648707,35.0839731933207,comp3
2015-01-10 06:00:00,32,177.915424003956,437.661762025381,107.844340984651,42.7145101433644,comp1
2015-02-09 06:00:00,32,181.513681331065,478.953918291853,103.67184702787,49.2446897672856,comp4
2015-03-11 06:00:00,32,186.183847016695,408.164942518954,100.476824380455,44.6020787991255,comp1
2015-04-10 06:00:00,32,167.922175281958,439.917268798239,92.3117250242062,51.4022032291165,comp4
2015-05-10 06:00:00,32,181.270129453801,322.444410888478,95.1612351140433,43.0924797707566,comp2
2015-06-24 06:00:00,32,156.904538207797,399.489001575754,98.4330158873442,46.8524061492966,comp2
2015-06-24 06:00:00,32,156.904538207797,399.489001575754,98.4330158873442,46.8524061492966,comp4
2015-08-08 06:00:00,32,174.936541463811,464.995388588816,103.429164739352,50.1235324992565,comp1
2015-09-22 06:00:00,32,164.985752203854,441.234066878359,111.417539800544,46.6607582714712,comp4
2015-11-06 06:00:00,32,196.552217901899,401.270408603768,103.111125817704,39.8745063820235,comp1
2015-01-31 06:00:00,33,191.485890450252,398.490160163856,89.4923044545691,44.7402772192707,comp1
2015-01-31 06:00:00,33,191.485890450252,398.490160163856,89.4923044545691,44.7402772192707,comp4
2015-04-01 06:00:00,33,189.245484857008,471.200056043039,112.700501912545,50.7591392429311,comp4
2015-05-01 06:00:00,33,152.548672912386,356.045537838882,91.1582915043292,42.1320191982544,comp2
2015-05-31 06:00:00,33,176.66308190608,342.281820771808,90.8632345485363,38.9259868643639,comp2
2015-06-15 06:00:00,33,186.842119159276,440.86913762526,99.5780055208759,50.0145361752255,comp4
2015-08-29 06:00:00,33,161.068443466594,503.440728402014,90.3068276397156,44.9995058932218,comp4
2015-09-28 06:00:00,33,159.1638590899,422.482868550031,94.4107907363415,40.4788534987643,comp2
2015-11-27 06:00:00,33,188.433720529299,435.058867941777,86.9133891917927,45.4030717151817,comp1
2015-04-16 06:00:00,34,169.947467136638,414.156925909992,99.5304928270144,40.0281774471136,comp1
2015-10-28 06:00:00,34,166.31035597488,345.954619257055,125.275910684501,47.176260393241,comp2
2015-11-12 06:00:00,34,192.364187023107,472.417341320698,94.5215105958303,37.1798309273224,comp1
2015-01-02 03:00:00,35,174.495255128039,508.561648473027,90.8753108051197,37.3341851629811,comp1
2015-01-06 06:00:00,35,176.716457386881,489.185789924929,90.6629164075888,54.7769750235054,comp4
2015-02-05 06:00:00,35,153.074597284822,439.194830251519,104.627333692442,40.0299548945701,comp3
2015-03-22 06:00:00,35,166.508726003905,454.136081971547,122.498734700205,49.146051947972,comp4
2015-04-06 06:00:00,35,198.495349992458,448.031450022601,133.917453684482,48.1921078932911,comp3
2015-05-06 06:00:00,35,143.903687556064,495.947502549842,107.720485487276,54.8707745508054,comp4
2015-05-21 06:00:00,35,194.433002476698,538.41148879809,106.802406148479,42.7100771838763,comp1
2015-07-20 06:00:00,35,163.248815804144,423.940571266244,85.1866842803162,37.9411219087669,comp2
2015-08-04 06:00:00,35,186.613454593241,409.089913295481,86.636399125937,38.0390604290737,comp1
2015-09-18 06:00:00,35,173.52497773207,509.311306421917,105.425258964018,46.8938601720455,comp1
2015-09-18 06:00:00,35,173.52497773207,509.311306421917,105.425258964018,46.8938601720455,comp4
2015-02-21 06:00:00,36,169.257630349698,457.444563626939,105.570147215439,39.4039714927966,comp1
2015-06-06 06:00:00,36,205.34418822387,417.846052560456,96.4618472079353,42.7562704404908,comp1
2015-06-21 06:00:00,36,180.548598123663,424.231254890936,121.810347972353,40.063306570969,comp2
2015-09-04 06:00:00,36,134.611462504153,284.569071512687,103.808706871707,42.3487152996267,comp2
2015-01-04 06:00:00,37,162.067409593602,447.238860233343,104.071342160164,46.7502492412937,comp4
2015-02-03 06:00:00,37,154.147746505268,403.416045689205,136.453195392963,41.2893937831563,comp3
2015-04-19 06:00:00,37,160.176053615156,445.29189869972,101.874937455764,53.7859063428768,comp4
2015-05-19 06:00:00,37,202.325788105616,478.994962942929,133.723534301314,42.8108636998501,comp3
2015-06-03 06:00:00,37,166.682433848629,479.338910894124,106.744802022916,43.7669493791165,comp4
2015-06-18 06:00:00,37,201.903249273188,469.303199537815,116.795033190232,46.0104462361786,comp1
2015-07-03 06:00:00,37,159.908282643067,387.535102521318,119.978924206019,38.4341415657657,comp3
2015-07-18 06:00:00,37,182.974970300231,433.023036101668,123.317060588278,58.5800760777288,comp4
2015-08-17 06:00:00,37,155.306879323817,358.875602801142,117.509707494311,44.8928479462548,comp2
2015-09-16 06:00:00,37,183.447727390718,344.630168960003,100.738806473511,43.1051689318701,comp2
2015-10-01 06:00:00,37,181.338623104677,430.525642903753,103.327898800412,56.1309644608222,comp4
2015-11-15 06:00:00,37,184.624893888325,395.61584053361,92.2642168834117,31.7939456878861,comp2
2015-11-30 06:00:00,37,147.341041455772,464.146414545802,132.180429433012,35.8750702964766,comp3
2015-12-15 06:00:00,37,167.584638057447,488.387373599535,95.9031242271576,44.2943046486694,comp4
2015-01-17 06:00:00,38,167.693657550044,391.447977762318,110.613353988815,48.1056751830941,comp4
2015-04-02 06:00:00,38,157.998921365344,360.240888000838,84.4745082715469,37.3570315706714,comp2
2015-04-17 06:00:00,38,170.451492056937,396.066447340173,89.7265080653488,48.0040172647447,comp4
2015-07-01 06:00:00,38,172.011851445578,321.781764269437,100.026751764874,43.6349549404146,comp2
2015-08-30 06:00:00,38,174.013959393754,458.137130050579,117.461298806033,49.5427925997861,comp4
2015-12-13 06:00:00,38,188.088399900174,500.512638881547,94.7199203028049,44.8787498702035,comp1
2015-12-13 06:00:00,38,188.088399900174,500.512638881547,94.7199203028049,44.8787498702035,comp4
2015-04-01 06:00:00,39,158.872539272513,362.038602473975,88.8643987406873,39.5183760033752,comp2
2015-07-30 06:00:00,39,205.18305621924,477.8648541877,93.2256814652592,35.7894431849351,comp1
2015-10-13 06:00:00,39,190.894074500465,331.860345106397,104.599720683163,35.9541536132578,comp2
2015-12-27 06:00:00,39,147.35459239424,335.172064515214,104.018005470718,38.9198448205535,comp2
2015-01-04 06:00:00,40,157.602275688674,419.235092649792,128.184746192963,36.8561545323828,comp3
2015-02-18 06:00:00,40,213.167040008866,431.288587394958,74.6986554892157,41.3937537525549,comp1
2015-04-04 06:00:00,40,203.370488920523,496.668708722062,93.0974702507148,35.5489942357427,comp1
2015-06-03 06:00:00,40,172.31282928121,488.77565391045,110.632832870512,54.5041627230294,comp3
2015-06-18 06:00:00,40,164.509388802986,296.758978199459,80.2941803204127,43.8401378474972,comp2
2015-07-03 06:00:00,40,205.634613147043,424.20518930711,81.3277652188563,37.8510223702672,comp1
2015-08-17 06:00:00,40,182.996245854021,428.656744588351,106.126949726672,33.1388318948399,comp2
2015-11-30 06:00:00,40,179.454829491474,526.764283107779,113.730695524086,40.8976940044648,comp1
2015-12-15 06:00:00,40,186.882369998352,470.136230859816,131.36256111225,44.9625551713665,comp3
2015-02-01 06:00:00,41,188.014713645833,466.609699616638,94.192636258309,35.222298035785,comp1
2015-05-02 06:00:00,41,196.090296370779,491.405257261377,84.468522815173,38.140261417769,comp1
2015-10-29 06:00:00,41,182.4843714459,432.394789047603,99.5933539953379,36.8717750614934,comp1
2015-01-21 06:00:00,42,180.446105623956,486.228640100793,113.925479326078,48.055592760307,comp1
2015-04-06 06:00:00,42,184.734962055895,433.134449147363,119.155559972877,25.8395222489267,comp3
2015-05-06 06:00:00,42,219.578812235337,424.375101051238,102.245874527324,37.7081221027834,comp1
2015-06-05 06:00:00,42,163.324304390249,389.702470327991,88.13206571323,28.2614538969684,comp2
2015-06-20 06:00:00,42,143.322980537229,487.028910785613,111.889112522129,40.8471899037369,comp3
2015-08-19 06:00:00,42,180.214154300032,384.695330467239,110.095864551132,36.0451502053661,comp2
2015-09-18 06:00:00,42,176.877327476958,483.276640307771,134.91147118945,32.9815006904857,comp3
2015-11-17 06:00:00,42,138.692468552226,357.899562154389,100.970241342828,39.5169622160939,comp2
2015-12-17 06:00:00,42,165.7462235599,447.510126876242,130.672608175685,38.3211220337543,comp3
2015-02-05 06:00:00,43,179.099756781598,500.53048637779,93.4323497058877,36.5902974569978,comp1
2015-02-20 06:00:00,43,175.79421949283,466.937335118956,109.056705227812,55.2347581920369,comp4
2015-03-22 06:00:00,43,171.116552785168,395.019443692355,112.641419120442,42.0074355603147,comp2
2015-05-21 06:00:00,43,132.833279620046,389.440530500447,100.206886575412,40.6258472848769,comp2
2015-06-05 06:00:00,43,146.717066777567,378.344074783037,113.731381295054,41.8853097274846,comp1
2015-07-20 06:00:00,43,202.06884170272,450.506747553912,139.690755337204,43.7975036826153,comp1
2015-08-04 06:00:00,43,172.272814952759,425.789550674372,103.3700186247,36.7536247729642,comp2
2015-10-03 06:00:00,43,204.671145802609,363.779739793618,124.774493876076,53.9210951111671,comp4
2015-11-02 06:00:00,43,230.562502549445,510.815296790776,108.425331953015,41.8618651228545,comp1
2015-11-17 06:00:00,43,173.413029213231,423.055816479761,85.934828980993,29.5375507520868,comp2
2015-03-16 06:00:00,44,167.85243375013,364.232958182842,100.59441083704,41.7789137159791,comp2
2015-06-14 06:00:00,44,152.533827246932,457.800197499451,91.4653551802533,52.0699699807144,comp1
2015-07-29 06:00:00,44,182.675916797886,391.447549906215,89.6841163803755,43.9497210716957,comp2
2015-08-28 06:00:00,44,170.27023122567,487.067553696865,102.692770873589,39.010687009148,comp1
2015-01-02 03:00:00,45,200.855874381995,401.801361481801,100.217929989101,57.9971684394819,comp1
2015-01-22 06:00:00,45,184.529841298304,400.026842667009,102.329192484042,40.132789521381,comp2
2015-02-21 06:00:00,45,159.497058492373,619.694725112958,123.737846072683,48.6788151349995,comp4
2015-05-22 06:00:00,45,169.926575948163,389.925251880677,100.371360236125,58.3780983057503,comp4
2015-07-21 06:00:00,45,209.845702414416,529.742342423873,114.216898934709,47.1679472888311,comp4
2015-10-19 06:00:00,45,174.943721328727,492.428747924831,112.511634399624,51.4873702208612,comp4
2015-11-03 06:00:00,45,173.289441086826,547.846138816315,101.84935661871,44.4938593992695,comp1
2015-02-22 06:00:00,46,180.477145751054,354.695227445997,80.3308592244386,45.0946807299084,comp2
2015-11-19 06:00:00,46,183.54205140131,414.240730124773,91.0833340336229,41.8058305124238,comp2
2015-01-24 06:00:00,47,175.392350002735,482.787098643524,142.001478566813,40.3500154358085,comp3
2015-03-25 06:00:00,47,192.544026171,409.774091698641,90.9640442763605,45.7707619804368,comp1
2015-04-09 06:00:00,47,154.103435278707,437.470653525228,116.235639593901,42.2507320434027,comp2
2015-06-23 06:00:00,47,186.053809299212,474.546182952693,119.996183621014,40.6068256990876,comp3
2015-07-08 06:00:00,47,194.816511600875,402.386049978311,115.476099910555,45.2017475734464,comp2
2015-08-07 06:00:00,47,180.233256593769,409.096984043078,98.3445099437821,38.0040780294557,comp1
2015-09-21 06:00:00,47,159.188341282973,456.367368426625,124.783595356974,43.4150999190189,comp3
2015-10-21 06:00:00,47,164.614798866327,414.584261320104,120.079789655903,45.442370185182,comp2
2015-11-20 06:00:00,47,156.375238946533,346.195825305996,100.809373977578,41.6118062257912,comp2
2015-12-20 06:00:00,47,158.756283753621,476.599910230793,101.988058116517,49.1772582752148,comp2
2015-01-11 06:00:00,48,156.264963643867,474.722406537354,112.253976016642,54.1559828128171,comp2
2015-03-12 06:00:00,48,185.843958267942,366.189553022779,140.109501291194,42.7922117613734,comp1
2015-05-11 06:00:00,48,183.330002983886,397.05260205364,95.0721823573151,56.493759774067,comp2
2015-07-10 06:00:00,48,134.083532459179,352.522692093621,103.49979464132,39.8737558898112,comp2
2015-07-25 06:00:00,48,181.032799468324,484.957151873649,104.547808070099,43.2919501194924,comp1
2015-09-08 06:00:00,48,185.249100958839,487.963607265307,89.3391839003263,50.6118550813438,comp1
2015-11-07 06:00:00,48,177.008770330467,402.587911083174,102.154852221989,45.0421310290042,comp2
2015-03-01 06:00:00,49,191.428514502658,505.933921466188,111.680618561966,46.7839309299062,comp4
2015-03-16 06:00:00,49,160.505290729536,463.956359048042,130.197109189896,34.7209896645818,comp3
2015-04-15 06:00:00,49,159.897207458531,429.41877759887,83.6971968590773,41.8105274737827,comp4
2015-05-15 06:00:00,49,178.574309196247,378.404203757297,96.6872433314794,39.5106182401686,comp2
2015-07-14 06:00:00,49,175.960760631874,373.818458780174,93.293243105545,52.4405318917335,comp4
2015-07-29 06:00:00,49,177.482020652005,486.444720424492,115.322292507319,36.9041028400691,comp3
2015-09-12 06:00:00,49,184.451752942946,443.209524420459,125.381354297497,43.0785159165218,comp2
2015-09-12 06:00:00,49,184.451752942946,443.209524420459,125.381354297497,43.0785159165218,comp3
2015-10-12 06:00:00,49,150.776848789309,498.571040359644,104.918558739051,52.8918383134356,comp4
2015-11-11 06:00:00,49,161.985842583619,458.382083598972,126.569571229925,38.428785612227,comp3
2015-11-26 06:00:00,49,187.087159298483,374.590738593681,102.726437374391,41.4342325462135,comp2
2015-12-26 06:00:00,49,173.510242542737,447.388171341021,96.6471082934745,47.3828444137629,comp4
2015-01-30 06:00:00,50,188.990924039621,382.652996303286,92.977742601762,37.9700604309916,comp1
2015-04-30 06:00:00,50,177.200526602485,375.676095670122,98.3774001706969,41.5641615975811,comp2
2015-09-12 06:00:00,50,184.869634906554,306.793760752196,121.642407573393,41.6894550368254,comp2
2015-10-12 06:00:00,50,155.759814313303,450.82826280761,94.3265085736762,40.1063439607008,comp2
2015-01-02 03:00:00,51,195.899676419497,286.393505248094,79.2260213742198,44.5958229560376,comp1
2015-03-02 06:00:00,51,199.758200526839,458.012410479639,114.763944112326,55.1746037473949,comp4
2015-04-01 06:00:00,51,158.575584652483,380.654628271246,87.7943033789794,47.3101523953644,comp2
2015-05-31 06:00:00,51,138.76037486352,312.100684518078,100.935084852816,43.68690719382,comp2
2015-06-30 06:00:00,51,166.420400100007,361.59973975488,76.0044168461841,33.5126041569035,comp2
2015-07-15 06:00:00,51,187.214387930373,442.366347072963,98.0401227967928,51.5842346257421,comp4
2015-09-13 06:00:00,51,166.547968267805,445.418615946361,111.307933476602,47.1947763496855,comp2
2015-09-28 06:00:00,51,185.292229200514,521.747572169388,113.449387646215,48.1217385468353,comp4
2015-11-27 06:00:00,51,170.391785708463,337.093800066656,101.745117295451,52.3212027193111,comp4
2015-12-12 06:00:00,51,156.964754578785,283.714386497636,108.913333204332,46.9149424761124,comp2
2015-01-19 06:00:00,52,167.135645168073,296.190021953548,92.8291653541294,58.936244968446,comp2
2015-01-19 06:00:00,52,167.135645168073,296.190021953548,92.8291653541294,58.936244968446,comp4
2015-07-18 06:00:00,52,179.556413136751,522.218397622564,98.472420482195,48.2788980851383,comp4
2015-08-02 06:00:00,52,202.476066644298,472.534889895287,98.1084051059119,35.0261732644347,comp2
2015-10-31 06:00:00,52,162.934970932858,457.479285305706,109.044316707831,49.7982210805104,comp1
2015-10-31 06:00:00,52,162.934970932858,457.479285305706,109.044316707831,49.7982210805104,comp4
2015-12-30 06:00:00,52,157.30981879113,362.760910893139,100.335066624575,56.8120170183206,comp4
2015-03-29 06:00:00,53,163.15878241441,435.332083241799,102.3755413987,38.6326663768878,comp1
2015-05-13 06:00:00,53,167.206856437833,418.124861920418,111.331938123644,35.984018595943,comp2
2015-07-12 06:00:00,53,205.391107451549,608.385576090665,104.764748741282,47.904130864041,comp1
2015-10-10 06:00:00,53,190.026855176208,346.574527256139,110.546808845829,36.5645882866739,comp1
2015-11-09 06:00:00,53,159.978635003804,404.966657129808,93.3297491522737,47.598970107425,comp2
2015-12-09 06:00:00,53,173.241990442077,373.095221611018,100.542259468621,43.8500951624046,comp2
2015-01-15 06:00:00,54,173.44065364399,473.8941846993,129.668594567064,45.5377845752515,comp3
2015-03-31 06:00:00,54,172.64690126055,502.822529450744,120.981495291076,42.0437932669746,comp3
2015-04-30 06:00:00,54,195.013415128025,315.903822679836,99.4461068212262,42.777302686602,comp2
2015-06-29 06:00:00,54,183.184539729656,452.776334584509,115.482888572277,41.2445236986847,comp3
2015-12-26 06:00:00,54,179.681517398619,365.873774564356,108.110639072262,30.8154061399272,comp2
2015-03-07 06:00:00,55,171.548824151233,449.702539683634,86.5679692347396,56.5884658405289,comp4
2015-04-21 06:00:00,55,146.461358108114,369.543003219121,91.858596955446,45.1074099117503,comp2
2015-06-05 06:00:00,55,201.269851137261,485.686661600644,101.98620413449,49.4287295320134,comp4
2015-06-20 06:00:00,55,191.607775454343,358.692893788485,101.675323552471,49.6880965967169,comp1
2015-08-04 06:00:00,55,179.168395786435,468.367435546483,107.56280289174,39.4487568211406,comp1
2015-08-19 06:00:00,55,180.715074398264,537.608015987745,101.746160707121,49.5365331518881,comp4
2015-09-03 06:00:00,55,166.767085057852,363.17847944543,103.86766216046,41.8975318095324,comp2
2015-12-02 06:00:00,55,175.56175031934,492.466028331467,81.6873432812487,42.9118809935038,comp1
2015-01-02 03:00:00,56,209.881919660745,456.998210580068,121.198937504502,36.3403307352724,comp3
2015-01-14 06:00:00,56,165.414451605431,345.273183266764,122.045028491911,47.7204464214279,comp3
2015-03-15 06:00:00,56,189.684113954922,505.348542589402,128.79059966917,37.0709095605502,comp3
2015-04-14 06:00:00,56,187.0111913813,387.683308623664,106.05021608734,34.3024504585898,comp1
2015-04-29 06:00:00,56,115.638391414083,306.000000348784,109.21962770927,41.7949013939671,comp2
2015-06-13 06:00:00,56,192.937660508968,387.601904953278,136.334514928447,39.6936757349922,comp3
2015-09-26 06:00:00,56,150.480637634988,329.005947358056,107.078330122532,42.9596583344499,comp2
2015-09-26 06:00:00,56,150.480637634988,329.005947358056,107.078330122532,42.9596583344499,comp3
2015-11-10 06:00:00,56,192.453036534321,349.275949476275,86.423057862076,41.6479038292799,comp1
2015-11-25 06:00:00,56,171.842679780134,390.68543505096,101.140115115189,34.5082891553938,comp2
2015-12-25 06:00:00,56,204.422819420847,453.413968327205,110.633763637473,47.5334421614114,comp1
2015-02-07 06:00:00,57,187.308623552718,576.752922544868,94.2266255760439,39.2421937851509,comp1
2015-11-04 06:00:00,57,191.388754011254,462.793112018002,102.537001327675,32.6336816192632,comp1
2015-01-02 03:00:00,58,167.187100087263,331.460659282228,106.277020711989,38.8086117118372,comp2
2015-01-31 06:00:00,58,183.542504799246,432.359238939457,133.011130670876,43.8671043509986,comp3
2015-05-01 06:00:00,58,173.180550115667,436.583604734677,124.727656821607,38.4733602756651,comp3
2015-05-16 06:00:00,58,202.651116978442,412.746679888331,115.14449464712,39.0964770708731,comp1
2015-05-31 06:00:00,58,158.085100778736,310.242516510966,80.521987641501,40.1422105478758,comp2
2015-07-30 06:00:00,58,163.717907385686,427.449496347807,135.959688593332,42.1623152333165,comp3
2015-09-28 06:00:00,58,176.280901769029,445.28865711109,124.396116956572,35.2876334105489,comp3
2015-12-12 06:00:00,58,139.673804149842,356.43747183186,108.648750820029,41.1150397279218,comp2
2015-01-02 03:00:00,59,169.206647854878,519.137970138064,86.8054971599869,42.0096872265611,comp1
2015-02-04 06:00:00,59,182.549957449066,393.894616361439,98.5569664498185,54.79192380026,comp4
2015-04-05 06:00:00,59,176.114908174623,458.478086047834,103.224146254387,47.5937630754925,comp4
2015-05-20 06:00:00,59,183.285505391393,445.131812890946,100.635714551978,60.5492368449613,comp4
2015-07-19 06:00:00,59,201.243470213613,514.938321215907,111.771464464986,44.0130757678102,comp1
2015-08-03 06:00:00,59,172.838168847868,351.745550342073,110.899132879313,41.285259747693,comp2
2015-08-18 06:00:00,59,168.463384520646,441.852254199639,89.2929618117978,45.8734447622967,comp4
2015-10-17 06:00:00,59,172.990281066761,308.043337014869,114.471386097996,31.7203615062855,comp2
2015-01-30 06:00:00,60,153.814753757283,395.27327823655,91.6638528278758,41.7574859350719,comp2
2015-04-15 06:00:00,60,164.209912208104,349.265321370918,87.8099306233724,40.7236934392215,comp2
2015-07-29 06:00:00,60,161.881108899122,349.934903842422,96.5170701646539,48.9425642392021,comp2
2015-09-12 06:00:00,60,200.142721004333,375.22867612672,103.556569199976,41.4022542649432,comp2
2015-02-27 06:00:00,61,180.321481731885,402.545116369468,109.504710565922,30.2978635306725,comp2
2015-08-11 06:00:00,61,179.892211203776,364.607637777939,108.79532190077,46.5640740587146,comp2
2015-10-25 06:00:00,61,195.254510081796,460.566175655139,94.5853575581998,35.8083332513855,comp1
2015-11-24 06:00:00,61,173.531878952609,207.448002095973,78.0276744025918,40.0798598743729,comp2
2015-01-13 06:00:00,62,184.001565587067,478.82442987368,103.208299936234,37.7227309343359,comp1
2015-01-28 06:00:00,62,166.117582692261,507.789921422652,115.466187784203,42.8274162717054,comp4
2015-05-28 06:00:00,62,169.799604140787,410.568501571438,118.012382045027,49.284491306107,comp4
2015-06-27 06:00:00,62,168.150148581701,385.187753502203,101.929505387599,40.7807120837124,comp2
2015-08-11 06:00:00,62,187.874696430697,465.932679002559,103.252091703253,36.1899628206786,comp1
2015-12-09 06:00:00,62,170.542134006459,436.239976315959,84.9725147233989,59.2845529230681,comp4
2015-12-24 06:00:00,62,192.262612644301,328.100443926254,76.5738505867594,35.5191252261969,comp2
2015-01-28 06:00:00,63,198.377051116648,327.115406462691,87.5989817275223,46.0704336992875,comp1
2015-01-28 06:00:00,63,198.377051116648,327.115406462691,87.5989817275223,46.0704336992875,comp2
2015-03-14 06:00:00,63,177.503801379443,415.428666417309,92.448286427307,36.381773065047,comp4
2015-05-13 06:00:00,63,191.348607953532,432.323506342312,98.7262247595534,63.2460175264756,comp4
2015-05-28 06:00:00,63,163.865550401826,392.282716403715,111.398726572712,28.159702949083,comp2
2015-07-27 06:00:00,63,174.40830614533,436.922020319989,86.8597955495773,45.2086670380007,comp4
2015-10-25 06:00:00,63,150.633142046368,419.932274021841,101.311852104756,48.3252554936965,comp4
2015-11-09 06:00:00,63,144.6099824371,356.483731264803,107.017722263788,40.7051767186654,comp2
2015-01-05 06:00:00,64,169.051153040349,495.830164924679,88.8544609295455,50.8092492548019,comp4
2015-01-20 06:00:00,64,159.509085535756,367.3533623047,120.62576649976,43.3404427461279,comp2
2015-02-19 06:00:00,64,159.628161400636,347.154126898119,97.0560408133574,44.10947058888,comp4
2015-04-05 06:00:00,64,171.741642846415,368.13996169647,99.8838490110435,36.5602622417122,comp2
2015-05-05 06:00:00,64,148.953834063843,436.464274368653,109.337735005267,45.337181193904,comp4
2015-09-17 06:00:00,64,169.617856469526,513.358615211131,97.5240689662345,48.6089918549337,comp4
2015-10-17 06:00:00,64,194.120746955471,290.159615011049,90.2280392446068,44.469938836546,comp2
2015-12-31 06:00:00,64,190.820355423265,495.747473914888,105.052513401464,47.2374441677961,comp1
2015-03-17 06:00:00,65,165.037141943353,472.029518689793,106.346164169959,42.5578309894534,comp1
2015-05-31 06:00:00,65,203.918528195328,486.540841013433,77.9953587675343,41.9100371567605,comp1
2015-06-30 06:00:00,65,170.259157838788,418.180092971636,100.520238128007,41.2839377046469,comp4
2015-08-14 06:00:00,65,182.774717178703,329.728154377527,106.283864376496,38.0297975149143,comp1
2015-08-14 06:00:00,65,182.774717178703,329.728154377527,106.283864376496,38.0297975149143,comp2
2015-09-13 06:00:00,65,153.154267878643,495.810886209058,92.8805072683478,46.4305477209166,comp4
2015-02-18 06:00:00,66,179.298922527261,541.99047850332,104.763639553645,46.0105144164009,comp1
2015-05-19 06:00:00,66,203.056004725398,421.154439062837,95.6233458662311,33.7333244819952,comp1
2015-05-19 06:00:00,66,203.056004725398,421.154439062837,95.6233458662311,33.7333244819952,comp2
2015-10-01 06:00:00,66,200.044815860425,435.338392852661,90.0330988926139,32.1594507078166,comp1
2015-12-15 06:00:00,66,192.823720588908,440.016774164183,87.6376383539586,45.4754382283388,comp1
2015-01-16 06:00:00,67,137.632541365652,428.522608747638,101.406481933364,47.0970250834196,comp2
2015-03-17 06:00:00,67,161.945018277585,406.209309498954,100.156771519927,37.8624493398625,comp2
2015-05-31 06:00:00,67,160.118376355427,414.964524045507,105.464238457938,61.9584970818231,comp4
2015-06-15 06:00:00,67,196.875997271216,465.047996493643,95.2403713866196,41.3652850534192,comp1
2015-07-15 06:00:00,67,172.806260414757,331.417824107745,120.968078062489,34.8367795874073,comp2
2015-08-29 06:00:00,67,164.764868678767,376.606564085332,95.3238641285613,48.0636237145689,comp4
2015-09-13 06:00:00,67,167.816571069844,391.675999512811,108.510100711941,39.1344638822095,comp2
2015-09-28 06:00:00,67,196.590153032736,385.300941701999,82.771297756042,38.0755699881086,comp1
2015-10-13 06:00:00,67,183.204273179394,318.788777163144,103.861494534318,37.4971808404097,comp2
2015-04-02 06:00:00,68,146.070589678346,410.056689633634,106.030777036475,36.7152739202093,comp2
2015-08-15 06:00:00,68,161.769727499434,267.970067397445,126.15437001093,40.1735800056378,comp2
2015-11-28 06:00:00,68,193.182902764092,463.140965359978,94.6175210341861,42.159189856643,comp1
2015-12-13 06:00:00,68,180.010128763619,323.338366719019,94.1706624442839,39.2683626381692,comp2
2015-01-05 06:00:00,69,168.288451768293,364.109207000655,105.253899220469,45.3725092819653,comp2
2015-01-20 06:00:00,69,190.207605412189,444.775495112554,143.877951985893,37.5635879338481,comp3
2015-02-04 06:00:00,69,167.561011505953,503.361699005833,122.9924389966,52.3829745016338,comp4
2015-04-20 06:00:00,69,156.032488592809,422.669791835406,114.749570478114,54.3067880056303,comp4
2015-05-20 06:00:00,69,162.356587072602,369.881415584316,96.3546966891459,44.3357248485481,comp2
2015-08-03 06:00:00,69,223.364507315846,415.983151607347,126.835557212727,47.8320871587158,comp3
2015-08-18 06:00:00,69,167.944319758283,378.663794465847,100.483666456936,43.3481276133774,comp2
2015-09-02 06:00:00,69,194.870685555634,492.578628807592,89.4899707404797,43.1842366123297,comp4
2015-10-17 06:00:00,69,157.540786276563,440.250227547343,111.769680919488,51.8348546924054,comp4
2015-11-01 06:00:00,69,149.047462019252,549.39262473511,129.633838874066,32.5378271689222,comp3
2015-01-28 06:00:00,70,205.010267321652,492.409898284296,103.293288488477,40.8719538496033,comp1
2015-05-28 06:00:00,70,172.621468789291,376.491960181654,113.373636931983,39.4233768475815,comp2
2015-07-12 06:00:00,70,202.168838863894,387.49621140083,130.285272584288,43.8618156204549,comp1
2015-11-09 06:00:00,70,201.328930656622,522.125658401756,93.0135447723208,34.0637575499934,comp1
2015-12-09 06:00:00,70,144.885163060742,332.934662090981,117.698741075046,45.6801224572009,comp2
2015-01-11 06:00:00,71,168.16035897744,352.017645643746,89.5289997230824,40.1805115427586,comp2
2015-01-26 06:00:00,71,158.064066049106,426.482995067366,108.847943084581,47.9710305863631,comp3
2015-01-26 06:00:00,71,158.064066049106,426.482995067366,108.847943084581,47.9710305863631,comp4
2015-02-10 06:00:00,71,194.492792664188,448.531854709384,107.335625019878,37.2607218500614,comp1
2015-02-25 06:00:00,71,170.762404679191,344.802923060089,82.4148685347311,41.0750968308797,comp2
2015-03-12 06:00:00,71,158.724284942291,374.150800171694,116.625250949137,35.5365290332956,comp3
2015-03-27 06:00:00,71,184.047398993491,420.827056584806,99.0284149532132,46.0074208329952,comp1
2015-04-26 06:00:00,71,179.884924294122,353.113238513393,106.265959339682,34.1216302044616,comp2
2015-06-10 06:00:00,71,169.731900463401,466.653751254717,109.293950999034,54.309687672983,comp4
2015-06-25 06:00:00,71,137.07137536848,353.531036951729,141.871985972777,41.3510902548747,comp3
2015-07-25 06:00:00,71,164.835980695979,496.781044201468,101.472376785337,52.959047876136,comp4
2015-09-23 06:00:00,71,188.184836836078,441.826125289763,130.191703283554,41.4889795158383,comp3
2015-10-08 06:00:00,71,171.650764268603,454.904661119579,112.225703836154,40.6489118094666,comp4
2015-03-24 06:00:00,72,215.390836467043,415.20332583801,98.2772279354221,29.3681031499818,comp1
2015-09-05 06:00:00,72,184.605460563492,463.478167466033,92.4082423424927,33.5917977791751,comp1
2015-01-02 03:00:00,73,160.627895944546,393.58497179435,131.324463284982,32.2855425122324,comp2
2015-01-02 06:00:00,73,164.192852264059,484.630223268439,132.3644740406,44.446666999746,comp3
2015-02-16 06:00:00,73,170.923113437375,427.217517970839,96.8248942163301,50.9942855493125,comp4
2015-04-02 06:00:00,73,188.724014054355,465.155552160787,88.504510680235,37.1884973661545,comp1
2015-04-17 06:00:00,73,167.645897739858,472.473023279612,96.0570451008305,53.2839674515226,comp4
2015-05-02 06:00:00,73,180.376456848506,450.112822624389,115.983235832814,46.0235327481741,comp3
2015-05-17 06:00:00,73,187.244450945397,465.003681409629,98.6072846027824,52.1746690973833,comp1
2015-07-16 06:00:00,73,217.312900753305,451.299278302474,104.881805139971,34.4495669852637,comp1
2015-08-30 06:00:00,73,185.743048329544,465.659852166692,135.069363346072,43.813223944333,comp3
2015-09-14 06:00:00,73,180.479316369186,415.579755846195,105.715092509971,51.6166181084998,comp4
2015-11-13 06:00:00,73,190.685484210263,407.522829343355,109.711089027196,41.0103638581101,comp3
2015-11-28 06:00:00,73,198.710353487848,436.953892230944,116.167164203445,33.9449351813254,comp1
2015-01-23 06:00:00,74,214.697055427125,513.089248735867,114.3556883666,52.7524597852171,comp1
2015-03-09 06:00:00,74,172.450556670391,347.429203516387,121.402111971399,45.629742526421,comp2
2015-05-08 06:00:00,74,164.979394242065,459.31763555265,111.301896130561,43.5302584776028,comp2
2015-06-22 06:00:00,74,188.418033552815,393.089900630732,99.300705884683,36.2931650734333,comp2
2015-07-22 06:00:00,74,145.88496613691,308.675436391142,105.425474545243,44.7143343905404,comp2
2015-10-20 06:00:00,74,199.119044592838,439.180380053252,91.7779416856314,44.8600272769336,comp2
2015-01-07 06:00:00,75,174.96468881658,540.790990520056,103.761249426083,38.0653808347191,comp1
2015-02-06 06:00:00,75,168.236143630668,452.055583923784,100.323222290537,48.195549198249,comp4
2015-04-07 06:00:00,75,191.519233568401,366.693478952803,87.0814374842018,41.4123315754895,comp1
2015-05-07 06:00:00,75,156.403253613837,474.325152074682,94.1478148521337,37.4731843102307,comp4
2015-06-06 06:00:00,75,172.277520354146,448.798176983393,87.6333161819056,45.37852303473,comp2
2015-07-21 06:00:00,75,170.689959578145,380.992951165954,94.4340024767889,39.4867736302543,comp2
2015-08-20 06:00:00,75,152.073156230526,375.464153188812,97.066680524427,41.7762245569893,comp2
2015-09-04 06:00:00,75,158.839846722746,415.484286288418,108.805533074655,51.5667536853296,comp4
2015-10-19 06:00:00,75,140.574894404433,422.369515502944,115.733910466446,42.1063768245777,comp2
2015-01-18 06:00:00,76,186.863414177519,456.272422747051,124.220614792369,37.7804002415742,comp3
2015-02-02 06:00:00,76,170.073030517956,496.212554006599,100.076950970494,48.0689764219451,comp1
2015-03-04 06:00:00,76,178.467735278498,365.904233006246,101.198836838556,33.6374528869423,comp2
2015-03-19 06:00:00,76,189.938724687013,550.340226002297,118.611760448829,44.6736509980161,comp1
2015-04-03 06:00:00,76,161.722809323218,441.209961979689,147.572524994983,32.4596380217928,comp3
2015-05-03 06:00:00,76,171.830911637034,325.370383402416,102.06477411659,43.4359150384765,comp2
2015-08-16 06:00:00,76,174.294188053347,410.442426411634,128.770645300011,45.8655946390353,comp3
2015-09-30 06:00:00,76,188.830516236299,474.361866048817,108.140897127122,40.7562964376832,comp3
2015-11-29 06:00:00,76,165.539531649625,466.633581266978,137.090938400485,42.027156449779,comp3
2015-02-05 06:00:00,78,176.463705602036,396.755363930689,93.1527252418468,62.2423569317673,comp4
2015-02-20 06:00:00,78,167.66783626612,323.964490795059,100.936133100918,36.3774817088977,comp2
2015-03-07 06:00:00,78,200.99240294905,506.651079389954,109.82618725834,42.4163132726387,comp1
2015-06-05 06:00:00,78,134.881219803055,545.483383541763,95.2796301350148,55.272416032718,comp4
2015-07-05 06:00:00,78,168.198590090384,454.744734296226,95.1133174236442,42.1321640058949,comp1
2015-07-20 06:00:00,78,174.113427456959,416.88278593659,106.199173828237,48.7803418537647,comp4
2015-09-03 06:00:00,78,189.642359168908,438.184784698659,114.869148897885,53.8129245824827,comp4
2015-11-02 06:00:00,78,155.709888408012,433.705436906142,95.5882240683762,53.1649200361135,comp4
2015-12-17 06:00:00,78,155.298083455021,386.248293172172,98.1699258441383,44.4535028217215,comp2
2015-01-02 03:00:00,79,206.934553918437,423.353298787419,110.745533472123,35.7086424517844,comp1
2015-03-03 06:00:00,79,166.465722728207,341.16514246061,104.769627565795,34.200922593157,comp2
2015-03-18 06:00:00,79,156.066990809182,390.702759740162,94.8388623415065,52.3986237398257,comp4
2015-04-02 06:00:00,79,192.519487358912,451.948914636716,90.1959938673293,37.0226003532546,comp1
2015-05-17 06:00:00,79,181.109244692198,548.206686093658,98.1688876224636,51.8594602026798,comp4
2015-06-16 06:00:00,79,154.757074470145,336.375854603687,113.52829506261,44.7032352501122,comp2
2015-07-01 06:00:00,79,176.60718635454,494.57869132377,101.214534243585,33.0851452842437,comp1
2015-09-14 06:00:00,79,148.037851783435,389.331818699361,95.4426964104674,36.2211624702109,comp2
2015-09-29 06:00:00,79,150.045563969884,412.2382890702,97.7434026574598,52.5479681018322,comp4
2015-12-13 06:00:00,79,166.747733333055,530.176777974225,80.8252799457797,45.902295029292,comp4
2015-01-02 03:00:00,80,166.557578892785,419.798169785119,80.9906707879628,45.9208419475165,comp2
2015-07-12 06:00:00,80,212.546742301581,346.807563525204,93.2771124045353,40.9506016130353,comp2
2015-09-10 06:00:00,80,195.267682891745,365.932856991592,113.019762502031,30.2573527323515,comp2
2015-11-09 06:00:00,80,174.196681689422,385.580203014879,85.9977234130668,37.1303858215522,comp2
2015-12-09 06:00:00,80,181.079583950349,375.517531080355,101.949490015213,31.7217633437805,comp2
2015-01-02 06:00:00,81,194.69335849474,472.32001988696,102.525332088411,30.2863617094329,comp1
2015-01-17 06:00:00,81,169.567241699199,389.714269518769,127.786383603077,40.7369907025926,comp2
2015-02-16 06:00:00,81,161.784362900946,465.25231961678,106.655528228991,50.4755858832448,comp1
2015-03-03 06:00:00,81,161.163550779653,391.281089848715,91.0344529812154,46.3719796644397,comp2
2015-04-17 06:00:00,81,180.976021813705,375.218584826331,90.4820596773048,36.7987416668068,comp2
2015-06-16 06:00:00,81,174.976928121082,459.649212947053,114.607332464728,36.9905535068105,comp2
2015-10-14 06:00:00,81,148.979454756215,288.390305358945,112.854410186544,40.2257879698871,comp2
2015-12-13 06:00:00,81,163.635378406402,346.14686559129,99.5448631527776,40.6123594718456,comp2
2015-01-28 06:00:00,82,192.503666376693,519.665457294186,95.9607174177767,37.5772403385002,comp1
2015-03-29 06:00:00,82,176.307575239997,438.198201143669,89.639754151818,45.9337859858437,comp1
2015-05-13 06:00:00,82,199.560835922628,477.312388604292,105.534438327167,45.4105373832793,comp1
2015-12-09 06:00:00,82,160.899505364016,278.393580324113,127.195414919621,60.6343285647834,comp2
2015-01-02 03:00:00,83,186.639092431082,468.764380601309,93.0684885386158,46.737446329458,comp4
2015-01-16 06:00:00,83,172.646142284734,427.744762970881,128.317717212988,53.2835159279893,comp4
2015-03-17 06:00:00,83,171.223125123256,495.486647815878,92.0402312760918,55.9568868448299,comp4
2015-05-16 06:00:00,83,163.55932980972,389.455116654297,116.595527150278,56.1837985823686,comp4
2015-05-31 06:00:00,83,151.398681134416,263.56049183705,92.1211098229359,41.7502993262164,comp2
2015-07-15 06:00:00,83,177.838880176905,500.359904508736,97.648512892526,40.7297329862272,comp1
2015-07-15 06:00:00,83,177.838880176905,500.359904508736,97.648512892526,40.7297329862272,comp4
2015-08-14 06:00:00,83,173.662066272711,298.778286269149,90.8799661966976,39.5921434243508,comp2
2015-08-29 06:00:00,83,149.526308499132,469.396286676387,101.966054946814,38.7012352389129,comp1
2015-09-13 06:00:00,83,159.642525451565,402.241568747357,110.300488919486,43.9454685994573,comp2
2015-10-13 06:00:00,83,195.914486422175,472.045016481656,98.8437624482263,44.8424799142899,comp1
2015-11-27 06:00:00,83,176.534328801018,515.617102897062,105.38372405832,47.9458747093206,comp4
2015-12-27 06:00:00,83,168.055046248108,375.005708031645,101.195685074737,42.9916905861538,comp1
2015-12-27 06:00:00,83,168.055046248108,375.005708031645,101.195685074737,42.9916905861538,comp2
2015-01-05 06:00:00,84,192.427202375126,331.87011811166,93.9564748866643,34.799389289301,comp2
2015-02-04 06:00:00,84,164.833248755552,307.778433315066,103.349308073993,37.298533685145,comp2
2015-02-19 06:00:00,84,215.577395072649,392.719734538277,91.5424241670054,35.1979365384403,comp1
2015-04-05 06:00:00,84,172.76398969478,456.558721582678,86.7607758982212,40.1953791046442,comp2
2015-07-04 06:00:00,84,180.264278327732,422.915989479323,81.6674892862468,40.8744613097834,comp1
2015-09-02 06:00:00,84,186.566169010028,369.250901878178,106.504562068856,42.975783022594,comp2
2015-10-02 06:00:00,84,179.806131003503,421.944404142165,119.306996265605,41.2487505353548,comp1
2015-01-15 06:00:00,85,176.38996370707,332.424341881663,104.522871982718,48.832996758881,comp2
2015-01-30 06:00:00,85,170.000780063672,493.912471565018,129.267660645313,43.722060244338,comp3
2015-02-14 06:00:00,85,144.389039476308,544.87470633898,88.6972961080017,52.6944344556631,comp4
2015-05-30 06:00:00,85,166.336905129286,409.743454482897,119.812644518721,44.9343044799867,comp3
2015-06-29 06:00:00,85,168.86080631662,407.164941831325,102.541297749722,44.7539836495447,comp1
2015-08-28 06:00:00,85,153.75019399485,374.026988122011,156.325961949599,46.3199863981224,comp4
2015-09-12 06:00:00,85,159.692805603996,415.200252800201,117.592221729613,35.2231328599873,comp3
2015-10-12 06:00:00,85,148.929426919459,385.754770206256,107.65969472387,45.0128802187844,comp2
2015-11-11 06:00:00,85,140.031073759051,437.619884634803,86.861851771245,36.0612534116059,comp2
2015-12-11 06:00:00,85,149.178045899197,351.540475418851,127.011676236886,41.1775322713697,comp3
2015-12-26 06:00:00,85,150.623517441386,367.258014315553,86.816422807889,44.5360366654896,comp4
2015-01-02 03:00:00,86,202.671433559462,521.631954291674,92.6530823651704,36.4634811467003,comp1
2015-01-23 06:00:00,86,167.210083745203,350.964889238034,99.7259227693342,43.4602435691305,comp2
2015-09-05 06:00:00,86,194.749965640481,510.245406058323,114.883754285226,33.0118212829117,comp1
2015-11-19 06:00:00,86,145.447835163445,322.473293387019,102.264525093644,32.7838770962348,comp2
2015-01-02 03:00:00,87,196.411509154292,437.275229648435,84.726119031785,45.2926599530137,comp1
2015-03-13 06:00:00,87,167.732834451193,413.745816796319,140.686147051015,46.7790486390471,comp3
2015-03-28 06:00:00,87,161.345193773515,556.936758821367,109.753305914055,49.3033321996523,comp1
2015-04-27 06:00:00,87,146.298242823447,314.722741853173,86.2019167883818,43.3259424820895,comp2
2015-06-26 06:00:00,87,185.335404386005,521.314172296068,139.36166868752,39.2820097456006,comp3
2015-08-10 06:00:00,87,208.664993879779,500.413012121445,93.1668463936454,45.0200577093496,comp1
2015-08-25 06:00:00,87,155.943402569726,492.685537915205,127.415954411504,38.4152960283903,comp3
2015-10-24 06:00:00,87,144.151642741823,391.78121897849,121.516749905195,45.9833768183758,comp3
2015-12-23 06:00:00,87,210.506024333387,464.692402453348,136.679892501741,41.7460131651834,comp3
2015-01-19 06:00:00,88,188.04109749633,459.666040802202,110.08627648534,52.3715801335846,comp4
2015-02-03 06:00:00,88,140.359151483825,258.447008426451,113.820496267947,39.3136489032172,comp2
2015-03-05 06:00:00,88,149.168278196327,338.455169793755,76.9404642458652,44.1810816102377,comp2
2015-04-04 06:00:00,88,175.887919755369,310.912410877499,83.5471845599888,31.0616354075049,comp2
2015-07-03 06:00:00,88,195.645751908038,449.49285536456,105.353880753184,42.1075765073142,comp1
2015-09-01 06:00:00,88,156.426261147637,460.025193230979,119.408524423857,45.994486785079,comp2
2015-09-01 06:00:00,88,156.426261147637,460.025193230979,119.408524423857,45.994486785079,comp4
2015-11-30 06:00:00,88,176.23504626293,471.802557094525,100.570302712861,47.8919224627006,comp2
2015-11-30 06:00:00,88,176.23504626293,471.802557094525,100.570302712861,47.8919224627006,comp4
2015-12-30 06:00:00,88,220.622592060323,497.46074074209,86.3176501036542,41.4953472406406,comp1
2015-02-07 06:00:00,89,184.832019779006,594.63946042177,102.862074131076,40.3669041882583,comp1
2015-03-24 06:00:00,89,169.229161054212,404.68766064107,123.704311429667,51.4520648332443,comp4
2015-05-23 06:00:00,89,170.205671121737,457.913369688638,101.786382778525,46.7237727172762,comp4
2015-06-22 06:00:00,89,206.853227544495,414.677527765381,102.189574672205,39.8845956329365,comp1
2015-07-22 06:00:00,89,178.742142106528,409.101688542564,102.780153267992,42.9611890892983,comp2
2015-08-21 06:00:00,89,187.873797825269,316.147571136788,94.2449799966909,31.0274790404604,comp2
2015-11-19 06:00:00,89,168.159879172237,398.556855085066,107.014450364526,38.8217484294726,comp2
2015-01-20 06:00:00,90,154.886515798764,376.139945118355,99.8762406618769,38.1447431213983,comp2
2015-02-19 06:00:00,90,173.028768069836,395.749312637787,104.415590231751,34.7655795277256,comp2
2015-03-21 06:00:00,90,165.934039501171,408.612846960463,112.757845651647,37.5964071170312,comp3
2015-04-05 06:00:00,90,184.094213405013,503.292144609891,85.2264728908117,35.6364077249604,comp1
2015-05-20 06:00:00,90,167.182021017817,383.241436842108,103.693329959019,41.8268122908726,comp2
2015-06-04 06:00:00,90,168.526896617732,461.209487411426,141.118295693478,42.28695406213,comp3
2015-08-18 06:00:00,90,186.241541008093,429.858546966984,122.065911149757,32.0670600843599,comp1
2015-08-18 06:00:00,90,186.241541008093,429.858546966984,122.065911149757,32.0670600843599,comp3
2015-10-02 06:00:00,90,188.397225639262,447.464898947396,83.6502246945606,39.5284169274355,comp1
2015-11-01 06:00:00,90,185.493595801479,424.478539852952,110.848073395754,36.8297434594207,comp3
2015-12-01 06:00:00,90,177.186754766524,347.085343728936,106.077294764468,37.9710647474683,comp2
2015-12-31 06:00:00,90,215.728682889569,467.771438748197,100.961884100535,44.4693767350588,comp1
2015-02-01 06:00:00,91,171.298970579209,375.49125787718,96.4320380406821,32.2886139517783,comp2
2015-04-02 06:00:00,91,161.944021509631,398.973211773616,95.4314675691705,50.7940103012491,comp1
2015-06-16 06:00:00,91,180.812360112196,407.811297667417,88.4870152980803,40.0684366800569,comp1
2015-07-01 06:00:00,91,168.503860000052,387.401855409199,95.369997097507,46.9983735005972,comp2
2015-09-14 06:00:00,91,188.961582012682,432.755471874918,118.17298781448,40.7878402541027,comp1
2015-10-29 06:00:00,91,164.422492114397,400.639932952722,104.207049254721,51.5929045237737,comp4
2015-02-19 06:00:00,92,168.516092671508,518.230634877702,126.327349221134,41.2629834347859,comp3
2015-04-20 06:00:00,92,189.843776434643,351.115732176707,89.5474544846791,40.9472249319982,comp1
2015-04-20 06:00:00,92,189.843776434643,351.115732176707,89.5474544846791,40.9472249319982,comp2
2015-05-20 06:00:00,92,201.06520729291,416.680188892852,116.649338956481,40.7060078004903,comp3
2015-07-04 06:00:00,92,178.880850171453,475.791012772263,127.329024950388,32.3272773348503,comp3
2015-08-18 06:00:00,92,177.521167368484,517.319973200473,119.487694584056,43.076570577212,comp3
2015-09-02 06:00:00,92,196.058535710724,441.11167806849,96.8150565914226,43.4375217456525,comp2
2015-10-02 06:00:00,92,188.628024630427,447.62378250588,105.915042582986,48.8897972071563,comp2
2015-12-01 06:00:00,92,193.00846084636,362.271411489282,131.229184998158,52.6504443839115,comp3
2015-03-17 06:00:00,93,173.254301847192,419.213732163593,116.026863910574,47.2740880294879,comp4
2015-04-01 06:00:00,93,167.859772021467,335.913459536396,96.0750243926663,45.0341052772717,comp2
2015-04-16 06:00:00,93,173.164928672895,427.15545226465,99.2363502825507,43.0920220421392,comp1
2015-05-01 06:00:00,93,173.553334133775,354.613962520693,107.528829481693,42.5911648209487,comp2
2015-05-16 06:00:00,93,173.716868754441,417.560477320649,100.749236663436,55.3037422745431,comp4
2015-06-30 06:00:00,93,179.323884189574,393.594057438078,96.2741418643018,48.6653329163507,comp1
2015-01-02 03:00:00,94,162.252558074964,428.591774025804,114.305865132027,49.5432532811828,comp4
2015-01-08 06:00:00,94,148.819229981992,444.300432912916,86.436488745737,53.090882463522,comp2
2015-02-22 06:00:00,94,182.845311960617,436.251104751964,120.37591962066,47.5861131915091,comp4
2015-03-09 06:00:00,94,168.59325956007,391.2447871283,130.795268759117,42.6169574621788,comp3
2015-05-08 06:00:00,94,181.780005855581,451.997651039968,123.816319248896,35.783602603654,comp3
2015-05-23 06:00:00,94,172.333008209613,516.233214615183,100.084130739845,47.4639530717464,comp4
2015-08-21 06:00:00,94,167.987938918003,340.901059976744,99.6855303058522,51.5285493439006,comp4
2015-10-20 06:00:00,94,172.572280711489,438.3911615407,127.801026644701,34.2750115165514,comp3
2015-11-19 06:00:00,94,157.924841926427,417.129547698655,139.750755367222,45.6816195704851,comp2
2015-11-19 06:00:00,94,157.924841926427,417.129547698655,139.750755367222,45.6816195704851,comp4
2015-12-19 06:00:00,94,181.657783218927,430.537605860488,114.61851537094,22.8372850796151,comp2
2015-02-19 06:00:00,95,179.290861759593,418.796635560884,99.0255275739679,51.2420302250029,comp4
2015-03-21 06:00:00,95,162.45384123633,344.695653800666,97.1664317059063,49.4194263397077,comp2
2015-04-20 06:00:00,95,160.88764075225,412.698388925341,116.610150735222,35.7380328811611,comp3
2015-05-05 06:00:00,95,189.367918862685,445.502702645327,95.018648532751,38.7467386509622,comp1
2015-06-04 06:00:00,95,184.973554976498,498.056626070997,119.191311323297,44.5915725640605,comp3
2015-08-18 06:00:00,95,199.365667714043,484.554985151906,114.079922426049,56.8139279717706,comp4
2015-09-17 06:00:00,95,166.314587111221,453.228024294356,119.824564230216,35.1471637971164,comp3
2015-10-17 06:00:00,95,168.731800082374,449.772981697631,99.9827821038438,42.9243987870373,comp4
2015-12-31 06:00:00,95,184.969807647401,507.191449383385,122.983616563268,50.2248886905406,comp1
2015-02-17 06:00:00,96,158.494579048114,459.940610016075,142.698747814973,39.0169419713213,comp3
2015-05-03 06:00:00,96,208.808357074345,461.260030813266,117.949602885945,33.1707139152734,comp3
2015-07-17 06:00:00,96,189.306347462872,379.150013797436,125.568827925848,46.365319408303,comp3
2015-08-31 06:00:00,96,174.771744019453,439.841347332079,117.963762152057,36.1240646529181,comp3
2015-12-29 06:00:00,96,159.644362462526,482.217236213021,139.38189737801,37.4028557537794,comp3
2015-01-24 06:00:00,97,203.907877042042,412.513797819794,132.485386554878,52.290860001245,comp3
2015-01-24 06:00:00,97,203.907877042042,412.513797819794,132.485386554878,52.290860001245,comp4
2015-05-09 06:00:00,97,170.064318607609,364.984100495901,103.833479438513,46.844647856112,comp4
2015-07-08 06:00:00,97,172.406380106932,424.996656211359,115.592154151558,44.6202534313189,comp3
2015-07-23 06:00:00,97,176.166974600789,561.59448976878,84.0761703991333,52.6396539382946,comp4
2015-09-06 06:00:00,97,168.748111120249,513.253895344695,123.729469314466,47.3379345689085,comp3
2015-10-21 06:00:00,97,181.488796697076,324.966188257887,91.0065857674633,29.0675083997536,comp2
2015-11-20 06:00:00,97,182.06788187946,511.514302337053,83.4900359343901,58.8325871487644,comp4
2015-01-30 06:00:00,98,174.349852154471,376.683444398377,121.041940687612,31.5227132661145,comp3
2015-02-14 06:00:00,98,198.406749852156,418.53293435842,103.190058140377,39.1784335078522,comp1
2015-03-01 06:00:00,98,180.32381627423,461.239664858246,109.061591424036,60.2201362292261,comp4
2015-04-15 06:00:00,98,146.506177739098,484.758588537026,115.328395603786,40.9849966062878,comp3
2015-04-30 06:00:00,98,154.125118673811,343.460134988231,85.8536726514998,46.1078006491538,comp2
2015-04-30 06:00:00,98,154.125118673811,343.460134988231,85.8536726514998,46.1078006491538,comp4
2015-05-15 06:00:00,98,206.035025271174,541.149356206666,100.822033168767,40.2497574107447,comp1
2015-05-30 06:00:00,98,186.593245186367,449.874673799049,118.521912266875,43.0535372776414,comp3
2015-06-14 06:00:00,98,188.339367443091,383.655684396596,87.7144891666791,41.516272607666,comp2
2015-06-29 06:00:00,98,231.317519507475,389.259019828833,90.3004118604598,50.5452014439745,comp1
2015-06-29 06:00:00,98,231.317519507475,389.259019828833,90.3004118604598,50.5452014439745,comp4
2015-07-29 06:00:00,98,158.287053073464,463.875057416036,131.359087888724,41.1971045196032,comp3
2015-08-13 06:00:00,98,172.192833736377,466.71873016099,97.2132161830016,57.7988071236514,comp1
2015-08-28 06:00:00,98,198.067045613322,390.162676947861,94.2802806796125,37.9746595496068,comp2
2015-10-27 06:00:00,98,196.168500557615,322.793417755255,97.1723833684955,47.9203693187023,comp2
2015-11-26 06:00:00,98,178.078796720393,384.575261715954,105.645361242629,29.4817382478848,comp3
2015-01-02 03:00:00,99,173.235662779709,453.15282094994,129.723361962426,44.6245806962744,comp3
2015-01-18 06:00:00,99,171.775480899478,564.542112295903,95.2060552815844,51.4205060282722,comp4
2015-02-02 06:00:00,99,174.26664507973,420.579042427679,110.596297032512,43.1981460503583,comp1
2015-02-17 06:00:00,99,176.92445371063,370.500559367599,118.635347641353,36.686198187332,comp2
2015-03-04 06:00:00,99,172.035112664885,392.971221702076,137.766297076195,47.6423107574913,comp3
2015-03-19 06:00:00,99,164.36882353589,540.819038815599,95.4482213527444,54.026442596689,comp4
2015-04-03 06:00:00,99,190.547355181592,400.683477323347,85.8132029022414,35.8140582219444,comp2
2015-04-18 06:00:00,99,183.400408316784,420.071574261529,134.192475348079,47.140215065337,comp3
2015-05-03 06:00:00,99,158.887242763563,416.388291326734,106.126688359299,38.1604596374779,comp2
2015-05-18 06:00:00,99,193.01124835926,447.278502363803,99.0756831458061,42.187391787615,comp1
2015-06-02 06:00:00,99,140.802843125418,444.584942409404,108.941903158988,52.0366117482488,comp4
2015-07-02 06:00:00,99,175.867325393341,316.512588819493,90.4479514018927,43.1609683139563,comp2
2015-07-17 06:00:00,99,173.273230775841,490.753608786053,135.766663531395,37.6787375193228,comp3
2015-08-01 06:00:00,99,147.54266022153,471.754735806571,104.324517080359,42.9831904521757,comp2
2015-08-31 06:00:00,99,189.337239706075,450.150198264175,103.996522484878,40.219528222821,comp3
2015-10-15 06:00:00,99,139.075342068367,294.505613094518,107.342518264078,49.7019775435091,comp2
2015-10-30 06:00:00,99,176.628089303325,422.163627322785,105.017653810652,60.7393562777594,comp4
2015-11-29 06:00:00,99,205.336153999912,398.728678458276,116.16419737899,35.5886606458233,comp3
2015-12-14 06:00:00,99,152.143211623396,394.182739208584,114.212265046901,40.852042680693,comp4
2015-02-12 06:00:00,100,226.666914044369,484.51647324043,97.5218968477353,53.1294371509872,comp1
2015-09-10 06:00:00,100,201.781023378851,520.820195395926,90.9445708042671,39.0668915267886,comp1
2015-12-09 06:00:00,100,144.720189935382,377.188360998735,109.995935880712,28.4333997015912,comp2